"","Gender","Married","Dependents","Education","Self_Employed","ApplicantIncome","CoapplicantIncome","LoanAmount","Loan_Amount_Term","Property_Area","Loan_Status","Credit_History_f"
"LP001002","Male","No","0","Graduate","No",0.568748284723435,0,0.564610835797276,0.72972972972973,"Urban","Y","1"
"LP001003","Male","Yes","1","Graduate","No",0.442404131633442,0.268088888888889,0.488957370313302,0.72972972972973,"Rural","N","1"
"LP001005","Male","Yes","0","Graduate","Yes",0.284424041316334,0,0.234206471494607,0.72972972972973,"Urban","Y","1"
"LP001006","Male","Yes","0","Not Graduate","No",0.242808313165839,0.4192,0.456086286594761,0.72972972972973,"Urban","Y","1"
"LP001008","Male","No","0","Graduate","No",0.583817769017739,0,0.542372881355932,0.72972972972973,"Urban","Y","1"
"LP001011","Male","Yes","2","Graduate","Yes",0.525635587934433,0.745955555555556,1,0.72972972972973,"Urban","Y","1"
"LP001013","Male","Yes","0","Not Graduate","No",0.217858835857389,0.269511111111111,0.353364149974319,0.72972972972973,"Urban","Y","1"
"LP001014","Male","Yes","3+","Graduate","No",0.288016766048751,0.445155555555556,0.612223934257833,0.72972972972973,"Semiurban","N","0"
"LP001018","Male","Yes","2","Graduate","No",0.384820738005539,0.271288888888889,0.653312788906009,0.72972972972973,"Urban","Y","1"
"LP001020","Male","Yes","1","Graduate","No",1,1,1,0.72972972972973,"Semiurban","N","1"
"LP001024","Male","Yes","2","Graduate","No",0.304383623163095,0.124444444444444,0.250642013353878,0.72972972972973,"Urban","Y","1"
"LP001027","Male","Yes","2","Graduate","No",0.234525086699434,0.327111111111111,0.410888546481767,0.72972972972973,"Urban","Y","1"
"LP001028","Male","Yes","2","Graduate","No",0.291709288690402,1,0.784797123780175,0.72972972972973,"Urban","Y","1"
"LP001029","Male","No","0","Graduate","No",0.169955839425164,0.504888888888889,0.431432973805855,0.72972972972973,"Rural","N","1"
"LP001030","Male","Yes","2","Graduate","No",0.114667797709638,0.193066666666667,0.0328710837185413,0.189189189189189,"Urban","Y","1"
"LP001032","Male","No","0","Graduate","No",0.479029964322247,0,0.47663071391885,0.72972972972973,"Urban","Y","1"
"LP001036","Female","No","0","Graduate","No",0.335320975025573,0,0.275295326142784,0.72972972972973,"Urban","N","0"
"LP001038","Male","Yes","0","Not Graduate","No",0.472742696040518,0,0.509501797637391,0.72972972972973,"Rural","N","1"
"LP001041","Male","Yes","0","Graduate","No",0.244504877622814,0.622222222222222,0.435541859270673,0.689189189189189,"Urban","Y","1"
"LP001043","Male","Yes","0","Not Graduate","No",0.74948229834585,0,0.390344119157678,0.72972972972973,"Urban","N","0"
"LP001046","Male","Yes","1","Graduate","No",0.579326863102218,1,1,0.72972972972973,"Urban","Y","1"
"LP001047","Male","Yes","0","Not Graduate","No",0.244504877622814,0.339733333333333,0.43965074473549,0.72972972972973,"Semiurban","N","0"
"LP001050","Male","Yes","2","Not Graduate","No",0.320850278186672,0.3408,0.42321520287622,0.72972972972973,"Rural","N","0"
"LP001066","Male","Yes","0","Graduate","Yes",0.939098325890073,0,0.747817154596816,0.72972972972973,"Semiurban","Y","1"
"LP001068","Male","Yes","0","Graduate","No",0.26436466156034,0.400533333333333,0.464304057524397,0.72972972972973,"Semiurban","Y","1"
"LP001073","Male","Yes","2","Not Graduate","No",0.406776278036975,0.184888888888889,0.414997431946585,0.72972972972973,"Urban","Y","1"
"LP001086","Male","No","0","Not Graduate","No",0.128938898730072,0,0.106831022085259,0.72972972972973,"Urban","N","1"
"LP001087","Female","No","2","Graduate","No",0.359272473241686,0.370311111111111,0.456086286594761,0.72972972972973,"Semiurban","Y","1"
"LP001095","Male","No","0","Graduate","No",0.301090292158379,0,0.267077555213148,0.72972972972973,"Urban","N","1"
"LP001097","Male","No","1","Graduate","Yes",0.453282103739927,0,0.398561890087314,0.72972972972973,"Rural","N","1"
"LP001098","Male","Yes","0","Graduate","No",0.334322995933235,0.296355555555556,0.431432973805855,0.72972972972973,"Semiurban","Y","1"
"LP001100","Male","No","3+","Graduate","No",1,0.533333333333333,1,0.72972972972973,"Rural","N","1"
"LP001106","Male","Yes","0","Graduate","No",0.212070557121828,0.367466666666667,0.564610835797276,0.72972972972973,"Urban","Y","1"
"LP001109","Male","Yes","0","Graduate","No",0.167460891694319,0.236444444444444,0.373908577298408,0.689189189189189,"Urban","N","0"
"LP001112","Female","Yes","0","Graduate","No",0.35098924677528,0.259377777777778,0.554699537750385,0.72972972972973,"Semiurban","Y","1"
"LP001114","Male","No","0","Graduate","No",0.400788403482947,1,0.719054956343092,0.72972972972973,"Urban","Y","1"
"LP001116","Male","No","0","Not Graduate","No",0.359072877423218,0.296533333333333,0.414997431946585,0.72972972972973,"Semiurban","Y","1"
"LP001119","Male","No","0","Graduate","No",0.344302786856615,0,0.291730868002054,0.72972972972973,"Urban","N","1"
"LP001120","Male","No","0","Graduate","No",0.164666550235773,0.215644444444444,0.156137647663071,0.72972972972973,"Urban","Y","1"
"LP001131","Male","Yes","0","Graduate","No",0.378333873905342,0.415288888888889,0.513610683102208,0.72972972972973,"Semiurban","Y","1"
"LP001136","Male","Yes","0","Not Graduate","Yes",0.453581497467628,0,0.357473035439137,0.689189189189189,"Urban","Y","1"
"LP001137","Female","No","0","Graduate","No",0.325341184102193,0,0.324601951720596,0.689189189189189,"Urban","Y","1"
"LP001138","Male","Yes","1","Graduate","No",0.548788702876675,0,0.143810991268618,0.72972972972973,"Urban","Y","1"
"LP001144","Male","Yes","0","Graduate","No",0.565953943264889,0,0.554699537750385,0.72972972972973,"Urban","Y","1"
"LP001146","Female","Yes","0","Graduate","No",0.248995783538335,0.611555555555556,0.456086286594761,0.72972972972973,"Urban","N","0"
"LP001151","Female","No","0","Graduate","No",0.384221950550136,0.404444444444444,0.554699537750385,0.72972972972973,"Semiurban","Y","1"
"LP001155","Female","Yes","0","Not Graduate","No",0.177440682617699,0.292266666666667,0.373908577298408,0.72972972972973,"Semiurban","Y","1"
"LP001157","Female","No","0","Graduate","No",0.293006661510441,0,0.456086286594761,0.72972972972973,"Semiurban","Y","1"
"LP001164","Female","No","0","Graduate","No",0.40717546967391,0,0.42321520287622,0.72972972972973,"Semiurban","N","1"
"LP001179","Male","Yes","2","Graduate","No",0.445697462638158,0,0.513610683102208,0.72972972972973,"Urban","N","1"
"LP001186","Female","Yes","1","Graduate","Yes",1,0,1,0.72972972972973,"Urban","N","0"
"LP001194","Male","Yes","2","Graduate","No",0.255283051820064,0.207466666666667,0.361581920903955,0.72972972972973,"Semiurban","Y","1"
"LP001195","Male","Yes","0","Graduate","No",0.197799456101395,0.282844444444444,0.357473035439137,0.72972972972973,"Semiurban","Y","1"
"LP001197","Male","Yes","0","Graduate","No",0.320950076095906,0.391111111111111,0.517719568567026,0.72972972972973,"Rural","N","1"
"LP001198","Male","Yes","1","Graduate","No",0.791397420224046,0.4,0.702619414483821,0.72972972972973,"Urban","Y","1"
"LP001199","Male","Yes","2","Not Graduate","No",0.320051894912802,0.508266666666667,0.554699537750385,0.72972972972973,"Urban","Y","1"
"LP001205","Male","Yes","0","Graduate","No",0.234525086699434,0.674844444444444,0.456086286594761,0.72972972972973,"Urban","Y","1"
"LP001206","Male","Yes","3+","Graduate","No",0.287318180684115,0,0.36979969183359,0.72972972972973,"Urban","Y","1"
"LP001207","Male","Yes","0","Not Graduate","Yes",0.245403058805918,0.613155555555556,0.640986132511556,0.324324324324324,"Rural","N","0"
"LP001213","Male","Yes","1","Graduate","No",0.478530974776078,0,0.564610835797276,0.72972972972973,"Rural","N","0"
"LP001222","Female","No","0","Graduate","No",0.400788403482947,0,0.43965074473549,0.72972972972973,"Semiurban","N","0"
"LP001225","Male","Yes","0","Graduate","No",0.556473141887677,0.816888888888889,1,0.72972972972973,"Semiurban","N","1"
"LP001228","Male","No","0","Not Graduate","No",0.304383623163095,0.400711111111111,0.480739599383667,0.324324324324324,"Urban","N","0"
"LP001233","Male","Yes","1","Graduate","No",1,0,1,0.72972972972973,"Urban","Y","1"
"LP001238","Male","Yes","3+","Not Graduate","Yes",0.693595469174921,0,0.47663071391885,0.0540540540540541,"Urban","Y","1"
"LP001241","Female","No","0","Graduate","No",0.414161323320276,0,0.521828454031844,0.72972972972973,"Semiurban","N","0"
"LP001243","Male","Yes","0","Graduate","No",0.305182006436965,0.545066666666667,0.66974833076528,0.72972972972973,"Urban","Y","1"
"LP001245","Male","Yes","2","Not Graduate","Yes",0.172151393428308,0.333333333333333,0.361581920903955,0.72972972972973,"Semiurban","Y","1"
"LP001248","Male","No","0","Graduate","No",0.334322995933235,0,0.295839753466872,0.594594594594595,"Semiurban","Y","1"
"LP001250","Male","Yes","3+","Not Graduate","No",0.459569372021656,0,0.353364149974319,0.689189189189189,"Semiurban","N","0"
"LP001253","Male","Yes","3+","Graduate","Yes",0.510566103640129,0.315377777777778,0.731381612737545,0.72972972972973,"Semiurban","Y","1"
"LP001255","Male","No","0","Graduate","No",0.359272473241686,0,0.427324088341037,1,"Urban","N","1"
"LP001256","Male","No","0","Graduate","No",0.359272473241686,0.844444444444444,0.686183872624551,0.72972972972973,"Urban","N","1"
"LP001259","Male","Yes","1","Graduate","Yes",0.0848282228487313,0.537244444444444,0.414997431946585,0.72972972972973,"Urban","N","1"
"LP001263","Male","Yes","3+","Graduate","No",0.301090292158379,0.711111111111111,0.702619414483821,0.594594594594595,"Semiurban","N","0"
"LP001265","Female","No","0","Graduate","No",0.368853072528131,0,0.419106317411402,0.72972972972973,"Semiurban","Y","1"
"LP001266","Male","Yes","1","Graduate","Yes",0.224046306229884,0,0.564610835797276,0.72972972972973,"Semiurban","Y","1"
"LP001267","Female","Yes","2","Graduate","No",0.122551832539108,0.3344,0.649203903441192,0.72972972972973,"Urban","N","1"
"LP001275","Male","Yes","1","Graduate","No",0.38302437563933,0,0.168464304057524,0.459459459459459,"Urban","Y","1"
"LP001279","Male","No","0","Graduate","No",0.221152166862104,0.449955555555556,0.521828454031844,0.72972972972973,"Semiurban","Y","1"
"LP001282","Male","Yes","0","Graduate","No",0.234525086699434,0.376533333333333,0.390344119157678,0.72972972972973,"Semiurban","Y","1"
"LP001289","Male","No","0","Graduate","No",0.839899204111674,0,0.825885978428351,0.72972972972973,"Urban","Y","1"
"LP001310","Male","Yes","0","Graduate","No",0.55337940670143,0.7408,0.682074987159733,0.72972972972973,"Semiurban","Y","1"
"LP001316","Male","Yes","0","Graduate","No",0.280232529128515,0.515555555555556,0.501284026707756,0.72972972972973,"Semiurban","Y","1"
"LP001318","Male","Yes","2","Graduate","No",0.60876724632619,1,0.735490498202363,0.324324324324324,"Semiurban","Y","1"
"LP001319","Male","Yes","2","Not Graduate","No",0.311668870537162,0.323555555555556,0.295839753466872,0.72972972972973,"Urban","Y","1"
"LP001322","Male","No","0","Graduate","No",0.397495072478232,0,0.464304057524397,0.72972972972973,"Semiurban","Y","1"
"LP001325","Male","No","0","Not Graduate","No",0.346298745041291,0,0.0657421674370827,0.189189189189189,"Semiurban","Y","1"
"LP001327","Female","Yes","0","Graduate","No",0.232928320151693,0.409244444444444,0.525937339496662,0.72972972972973,"Semiurban","Y","1"
"LP001333","Male","Yes","0","Graduate","No",0.182330780170155,0.177244444444444,0.168464304057524,0.72972972972973,"Semiurban","Y","1"
"LP001334","Male","Yes","0","Not Graduate","No",0.402983957486091,0,0.435541859270673,0.324324324324324,"Semiurban","Y","1"
"LP001343","Male","Yes","0","Graduate","No",0.160574835957187,0.629511111111111,0.501284026707756,0.72972972972973,"Semiurban","Y","1"
"LP001345","Male","Yes","2","Not Graduate","No",0.412963748409471,0.580088888888889,0.509501797637391,0.324324324324324,"Urban","Y","1"
"LP001349","Male","No","0","Graduate","No",0.468351588034231,0.676622222222222,0.583461736004109,0.72972972972973,"Semiurban","Y","1"
"LP001350","Male","Yes","0","Graduate","No",1,0,0.564610835797276,0.72972972972973,"Urban","Y","1"
"LP001356","Male","Yes","0","Graduate","No",0.449290187370575,0.636977777777778,0.564610835797276,0.72972972972973,"Semiurban","Y","1"
"LP001357","Male","Yes","0","Graduate","No",0.365859135251116,0.134044444444444,0.620441705187468,0.72972972972973,"Urban","Y","1"
"LP001367","Male","Yes","1","Graduate","No",0.289613532596492,0.183111111111111,0.373908577298408,0.72972972972973,"Urban","Y","1"
"LP001369","Male","Yes","2","Graduate","No",1,0.200177777777778,0.887519260400616,0.72972972972973,"Urban","Y","1"
"LP001370","Male","No","0","Not Graduate","No",0.716848382026397,0,0.456086286594761,0.72972972972973,"Rural","N","1"
"LP001379","Male","Yes","2","Graduate","No",0.364262368703376,0.64,0.850539291217257,0.72972972972973,"Urban","N","0"
"LP001384","Male","Yes","3+","Not Graduate","No",0.191711783638133,0.134044444444444,0.349255264509502,1,"Semiurban","Y","1"
"LP001385","Male","No","0","Graduate","No",0.515555999101819,0,0.521828454031844,0.72972972972973,"Urban","Y","1"
"LP001387","Female","Yes","0","Graduate","No",0.277338389760734,0.414755555555556,0.534155110426297,0.72972972972973,"Semiurban","Y","1"
"LP001391","Male","Yes","0","Not Graduate","No",0.341508445398069,0.731377777777778,0.587570621468927,0.689189189189189,"Rural","N","0"
"LP001392","Female","No","1","Graduate","Yes",0.728624535315985,0,0.564610835797276,0.72972972972973,"Semiurban","Y","1"
"LP001398","Male","No","0","Graduate","No",0.489009755245628,0,0.447868515665126,0.72972972972973,"Semiurban","Y","1"
"LP001401","Male","Yes","1","Graduate","No",1,0,0.72316384180791,0.324324324324324,"Rural","Y","1"
"LP001404","Female","Yes","0","Graduate","No",0.301090292158379,0.405866666666667,0.595788392398562,0.72972972972973,"Semiurban","Y","1"
"LP001421","Male","Yes","0","Graduate","No",0.540705072228737,0.3808,0.682074987159733,0.72972972972973,"Rural","N","1"
"LP001422","Female","No","0","Graduate","No",1,0,1,0.72972972972973,"Urban","Y","1"
"LP001426","Male","Yes","0","Graduate","No",0.550585065242883,0.474133333333333,0.702619414483821,0.72972972972973,"Rural","Y","1"
"LP001430","Female","No","0","Graduate","No",0.400788403482947,0,0.143810991268618,0.72972972972973,"Semiurban","Y","1"
"LP001431","Female","No","0","Graduate","No",0.198298445647564,1,0.525937339496662,0.72972972972973,"Semiurban","Y","0"
"LP001432","Male","Yes","2","Graduate","No",0.280132731219281,0,0.295839753466872,0.72972972972973,"Semiurban","Y","1"
"LP001439","Male","Yes","0","Not Graduate","No",0.414161323320276,0.358044444444444,0.760143810991269,0.72972972972973,"Rural","Y","1"
"LP001448","Male","Yes","3+","Graduate","No",1,0,1,0.72972972972973,"Rural","Y","1"
"LP001449","Male","No","0","Graduate","No",0.370749232803573,0.291555555555556,0.564610835797276,0.72972972972973,"Rural","Y","1"
"LP001451","Male","Yes","1","Graduate","Yes",1,0.684444444444444,0.620441705187468,0.324324324324324,"Urban","N","0"
"LP001473","Male","No","0","Graduate","No",0.186023302811806,0.342933333333333,0.267077555213148,0.72972972972973,"Urban","Y","1"
"LP001478","Male","No","0","Graduate","No",0.256281030912402,0,0.250642013353878,0.72972972972973,"Semiurban","Y","1"
"LP001482","Male","Yes","0","Graduate","Yes",0.330231281654649,0,0.0657421674370827,0.189189189189189,"Semiurban","Y","1"
"LP001487","Male","No","0","Graduate","No",0.473541079314388,0,0.382126348228043,0.72972972972973,"Semiurban","Y","1"
"LP001488","Male","Yes","3+","Graduate","No",0.384221950550136,1,1,0.72972972972973,"Semiurban","N","1"
"LP001489","Female","Yes","0","Graduate","No",0.442404131633442,0,0.308166409861325,0.72972972972973,"Rural","N","1"
"LP001491","Male","Yes","2","Graduate","Yes",0.315960180634216,0.622222222222222,0.324601951720596,0.72972972972973,"Urban","Y","1"
"LP001492","Male","No","0","Graduate","No",1,0,0.957370313302517,0.72972972972973,"Semiurban","N","0"
"LP001493","Male","Yes","2","Not Graduate","No",0.404181532396896,0.254222222222222,0.49306625577812,0.72972972972973,"Rural","N","1"
"LP001497","Male","Yes","2","Graduate","No",0.488211371971757,0.370311111111111,0.72316384180791,0.72972972972973,"Rural","N","1"
"LP001498","Male","No","0","Graduate","No",0.525635587934433,0,0.653312788906009,0.72972972972973,"Urban","Y","1"
"LP001504","Male","No","0","Graduate","Yes",0.678625782789851,0,0.682074987159733,0.324324324324324,"Semiurban","Y","1"
"LP001507","Male","Yes","0","Graduate","No",0.254285072727726,0.3616,0.464304057524397,0.72972972972973,"Semiurban","Y","1"
"LP001508","Male","Yes","2","Graduate","No",1,0,0.731381612737545,0.324324324324324,"Urban","Y","1"
"LP001514","Female","Yes","0","Graduate","No",0.217559442129687,0.797511111111111,0.373908577298408,0.72972972972973,"Semiurban","Y","1"
"LP001516","Female","Yes","2","Graduate","No",1,0,0.250642013353878,0.72972972972973,"Urban","Y","1"
"LP001518","Male","Yes","1","Graduate","No",0.138519498016517,0.253333333333333,0.086286594761171,0.72972972972973,"Urban","Y","1"
"LP001519","Female","No","0","Graduate","No",0.983009405952945,0.296177777777778,0.887519260400616,0.72972972972973,"Rural","N","1"
"LP001520","Male","Yes","0","Graduate","No",0.470048152491205,0.147555555555556,0.47663071391885,0.72972972972973,"Semiurban","Y","1"
"LP001528","Male","No","0","Graduate","No",0.611461789875502,0,0.447868515665126,0.72972972972973,"Rural","N","0"
"LP001529","Male","Yes","0","Graduate","Yes",0.242209525710436,0.666666666666667,0.587570621468927,0.72972972972973,"Rural","Y","1"
"LP001531","Male","No","0","Graduate","No",0.899777949651955,0,0.965588084232152,0.72972972972973,"Urban","N","1"
"LP001532","Male","Yes","2","Not Graduate","No",0.212669344577231,0,0.427324088341037,0.72972972972973,"Rural","N","1"
"LP001535","Male","No","0","Graduate","No",0.30977271026172,0,0.168464304057524,0.72972972972973,"Urban","Y","1"
"LP001536","Male","Yes","3+","Graduate","No",1,0,1,0.324324324324324,"Semiurban","Y","0"
"LP001543","Male","Yes","1","Graduate","No",0.936902771886929,0,0.731381612737545,0.72972972972973,"Urban","Y","1"
"LP001546","Male","No","0","Graduate","No",0.282428083131658,0.370311111111111,0.456086286594761,0.72972972972973,"Rural","Y","1"
"LP001552","Male","Yes","0","Graduate","No",0.442404131633442,1,1,0.72972972972973,"Semiurban","Y","1"
"LP001560","Male","Yes","0","Not Graduate","No",0.170953818517502,0.185066666666667,0.365690806368772,0.72972972972973,"Semiurban","Y","1"
"LP001562","Male","Yes","0","Graduate","No",0.776727127566677,0,1,0.72972972972973,"Urban","N","1"
"LP001565","Male","Yes","1","Graduate","No",0.293306055238143,0.227555555555556,0.460195172059579,0.72972972972973,"Semiurban","N","0"
"LP001570","Male","Yes","2","Graduate","No",0.400888201392181,0.257244444444444,0.612223934257833,0.72972972972973,"Rural","Y","1"
"LP001572","Male","Yes","0","Graduate","No",0.915446221401662,0,0.271186440677966,0.324324324324324,"Urban","Y","1"
"LP001574","Male","Yes","0","Graduate","No",0.354981163144632,0.562844444444444,0.710837185413457,0.689189189189189,"Rural","Y","1"
"LP001577","Female","Yes","0","Graduate","No",0.442404131633442,0,0.42321520287622,0.72972972972973,"Rural","N","1"
"LP001578","Male","Yes","0","Graduate","No",0.228437414236172,0.592533333333333,0.49306625577812,0.72972972972973,"Rural","Y","1"
"LP001579","Male","No","0","Graduate","No",0.208278236570944,0,0.221879815100154,1,"Semiurban","N","0"
"LP001580","Male","Yes","2","Graduate","No",0.783413587485342,0,0.784797123780175,0.72972972972973,"Semiurban","Y","1"
"LP001581","Male","Yes","0","Not Graduate","No",0.166662508420449,0.314488888888889,0.353364149974319,0.72972972972973,"Rural","Y","1"
"LP001585","Male","Yes","3+","Graduate","No",1,0,1,0.594594594594595,"Urban","Y","1"
"LP001586","Male","Yes","3+","Not Graduate","No",0.336518549936379,0,0.295839753466872,0.324324324324324,"Rural","N","1"
"LP001594","Male","Yes","0","Graduate","No",0.554676779521469,1,0.731381612737545,0.72972972972973,"Semiurban","Y","1"
"LP001603","Male","Yes","0","Not Graduate","Yes",0.418552431326564,0.130844444444444,0.320493066255778,0.72972972972973,"Semiurban","N","1"
"LP001606","Male","Yes","0","Graduate","No",0.334023602205534,0.349155555555556,0.43965074473549,0.72972972972973,"Rural","Y","1"
"LP001608","Male","Yes","2","Graduate","No",0.189117037998054,0.287822222222222,0.378017462763225,0.72972972972973,"Rural","Y","1"
"LP001610","Male","Yes","3+","Graduate","No",0.535515580948579,1,1,0.72972972972973,"Semiurban","N","0"
"LP001616","Male","Yes","1","Graduate","No",0.359272473241686,0,0.43965074473549,0.72972972972973,"Semiurban","Y","1"
"LP001630","Male","No","0","Not Graduate","No",0.217858835857389,0.257955555555556,0.382126348228043,1,"Urban","N","0"
"LP001633","Male","Yes","1","Graduate","No",0.62373693271126,1,0.702619414483821,0.72972972972973,"Urban","N","0"
"LP001636","Male","Yes","0","Graduate","No",0.444100696090417,0,0.262968669748331,0.324324324324324,"Semiurban","Y","1"
"LP001637","Male","Yes","1","Graduate","No",1,0,1,0.72972972972973,"Semiurban","N","1"
"LP001639","Female","Yes","0","Graduate","No",0.34679773458746,0,0.406779661016949,0.72972972972973,"Semiurban","Y","1"
"LP001640","Male","Yes","0","Graduate","Yes",1,0.844444444444444,0.456086286594761,0.72972972972973,"Semiurban","Y","1"
"LP001641","Male","Yes","1","Graduate","Yes",0.20239015992615,0,0.234206471494607,0.594594594594595,"Rural","N","0"
"LP001644","Male","Yes","0","Graduate","Yes",0.052294104438512,0.941511111111111,0.653312788906009,0.72972972972973,"Rural","Y","1"
"LP001647","Male","Yes","0","Graduate","No",0.915945210947831,0,0.735490498202363,0.324324324324324,"Rural","Y","1"
"LP001653","Male","No","0","Not Graduate","No",0.47254310022205,0,0.160246533127889,0.72972972972973,"Rural","Y","1"
"LP001656","Male","No","0","Graduate","No",1,0,0.636877247046739,0.72972972972973,"Semiurban","N","1"
"LP001657","Male","Yes","0","Not Graduate","No",0.587111100022454,0,0.620441705187468,0.72972972972973,"Urban","N","1"
"LP001658","Male","No","0","Graduate","No",0.370050647438936,0,0.275295326142784,0.72972972972973,"Semiurban","Y","1"
"LP001664","Male","No","0","Graduate","No",0.403283351213792,0,0.456086286594761,0.72972972972973,"Rural","Y","1"
"LP001665","Male","Yes","1","Graduate","No",0.29689877997056,0.4592,0.661530559835645,0.72972972972973,"Semiurban","N","1"
"LP001666","Male","No","0","Graduate","No",0.816646291260198,0.666666666666667,0.731381612737545,0.72972972972973,"Rural","Y","1"
"LP001669","Female","No","0","Not Graduate","No",0.175344926523789,0.420444444444444,0.456086286594761,0.689189189189189,"Urban","Y","1"
"LP001673","Male","No","0","Graduate","Yes",1,0,0.304057524396507,0.72972972972973,"Urban","N","1"
"LP001674","Male","Yes","1","Not Graduate","No",0.244504877622814,0.444444444444444,0.332819722650231,0.72972972972973,"Semiurban","Y","1"
"LP001677","Male","No","2","Graduate","No",0.476335420772935,0,0.645095017976374,0.72972972972973,"Semiurban","Y","0"
"LP001682","Male","Yes","3+","Not Graduate","No",0.383423567276266,0,0.564610835797276,0.324324324324324,"Urban","N","1"
"LP001688","Male","Yes","1","Not Graduate","No",0.334322995933235,0.192533333333333,0.517719568567026,0.72972972972973,"Urban","Y","1"
"LP001691","Male","Yes","2","Not Graduate","No",0.37593872408373,0,0.472521828454032,0.72972972972973,"Semiurban","Y","1"
"LP001692","Female","No","0","Not Graduate","No",0.424939497517527,0,0.456086286594761,0.72972972972973,"Semiurban","Y","1"
"LP001693","Female","No","0","Graduate","No",0.308774731169382,0,0.291730868002054,0.72972972972973,"Urban","Y","1"
"LP001698","Male","No","0","Not Graduate","No",0.381727002819291,0.449955555555556,0.189008731381613,0.72972972972973,"Rural","Y","1"
"LP001699","Male","No","0","Graduate","No",0.232429330605524,0,0.205444273240883,0.72972972972973,"Urban","Y","1"
"LP001702","Male","No","0","Graduate","No",0.326139567376063,0,0.484848484848485,0.72972972972973,"Semiurban","N","1"
"LP001708","Female","No","0","Graduate","No",0.983009405952945,0,0.842321520287622,0.72972972972973,"Semiurban","N","1"
"LP001711","Male","Yes","3+","Graduate","No",0.327337142286869,0.222222222222222,0.488957370313302,0.72972972972973,"Semiurban","N","0"
"LP001713","Male","Yes","1","Graduate","Yes",0.762156632818542,0,0.949152542372881,0.72972972972973,"Urban","Y","1"
"LP001715","Male","Yes","3+","Not Graduate","Yes",0.5541777899753,0,0.497175141242938,0.72972972972973,"Rural","Y","1"
"LP001716","Male","Yes","0","Graduate","No",0.301689079613782,0.537066666666667,0.525937339496662,0.72972972972973,"Urban","Y","1"
"LP001720","Male","Yes","3+","Not Graduate","No",0.369252264165066,0.174755555555556,0.373908577298408,0.72972972972973,"Semiurban","Y","1"
"LP001722","Male","Yes","0","Graduate","No",0,0.32,0.517719568567026,0.72972972972973,"Rural","N","1"
"LP001726","Male","Yes","0","Graduate","No",0.356977121329308,0.315555555555556,0.501284026707756,0.72972972972973,"Semiurban","Y","1"
"LP001732","Male","Yes","2","Graduate","No",0.484019859783938,0,0.258859784283513,0.72972972972973,"Semiurban","N","0"
"LP001736","Male","Yes","0","Graduate","No",0.206681470023203,0,0.209553158705701,0.72972972972973,"Urban","N","0"
"LP001743","Male","Yes","2","Graduate","No",0.38512013173324,0.305244444444444,0.43965074473549,0.72972972972973,"Semiurban","Y","1"
"LP001744","Male","No","0","Graduate","No",0.281529901948554,0.496177777777778,0.554699537750385,0.72972972972973,"Semiurban","Y","1"
"LP001749","Male","Yes","0","Graduate","No",0.741298869788678,0.179555555555556,0.682074987159733,0.689189189189189,"Semiurban","Y","1"
"LP001750","Male","Yes","0","Graduate","No",0.60876724632619,0,0.488957370313302,0.72972972972973,"Semiurban","Y","1"
"LP001751","Male","Yes","0","Graduate","No",0.309373518624785,0,0.661530559835645,0.72972972972973,"Rural","N","1"
"LP001754","Male","Yes","0","Not Graduate","Yes",0.45757341383698,0,0.530046224961479,0.72972972972973,"Urban","N","1"
"LP001758","Male","Yes","2","Graduate","No",0.60876724632619,0.301333333333333,0.825885978428351,0.72972972972973,"Semiurban","Y","1"
"LP001760","Male","Yes","0","Graduate","No",0.459868765749358,0,0.612223934257833,1,"Semiurban","Y","1"
"LP001761","Male","No","0","Graduate","Yes",0.62373693271126,0,0.784797123780175,0.72972972972973,"Rural","Y","1"
"LP001765","Male","Yes","1","Graduate","No",0.233626905516329,0.365155555555556,0.390344119157678,0.72972972972973,"Semiurban","Y","1"
"LP001768","Male","Yes","0","Graduate","No",0.355879344327736,0,0.135593220338983,0.324324324324324,"Rural","Y","1"
"LP001770","Male","No","0","Not Graduate","No",0.303285846161523,0.461866666666667,0.456086286594761,0.689189189189189,"Rural","Y","1"
"LP001776","Female","No","0","Graduate","No",0.816646291260198,0,1,0.72972972972973,"Semiurban","Y","1"
"LP001778","Male","Yes","1","Graduate","No",0.299892717247574,0.316266666666667,0.538263995891115,0.72972972972973,"Semiurban","Y","1"
"LP001784","Male","Yes","1","Graduate","No",0.533918814400838,0.224,0.661530559835645,0.72972972972973,"Rural","Y","1"
"LP001790","Female","No","1","Graduate","No",0.365459943614181,0,0.42321520287622,0.72972972972973,"Rural","Y","1"
"LP001792","Male","Yes","1","Graduate","No",0.315860382724982,0,0.357473035439137,0.72972972972973,"Semiurban","Y","1"
"LP001798","Male","Yes","2","Graduate","No",0.565754347446421,0.888888888888889,0.456086286594761,0.72972972972973,"Rural","Y","1"
"LP001800","Male","Yes","1","Not Graduate","No",0.235523065791772,0.352533333333333,0.538263995891115,0.324324324324324,"Urban","N","1"
"LP001806","Male","No","0","Graduate","No",0.280931114493151,1,0.59989727786338,0.0540540540540541,"Urban","Y","1"
"LP001807","Male","Yes","2","Graduate","Yes",0.60876724632619,0.231111111111111,0.406779661016949,0.72972972972973,"Rural","Y","1"
"LP001811","Male","Yes","0","Not Graduate","No",0.324941992465258,0.785244444444444,0.468412942989214,0.72972972972973,"Semiurban","Y","1"
"LP001813","Male","No","0","Graduate","Yes",0.588807664479429,0.770311111111111,0.456086286594761,0.324324324324324,"Urban","N","1"
"LP001814","Male","Yes","2","Graduate","No",0.953369426910506,0,0.42321520287622,0.72972972972973,"Urban","Y","1"
"LP001819","Male","Yes","1","Not Graduate","No",0.64449489783189,0,0.525937339496662,0.324324324324324,"Urban","Y","1"
"LP001824","Male","Yes","1","Graduate","No",0.272647888026746,0.327644444444444,0.468412942989214,1,"Semiurban","Y","1"
"LP001825","Male","Yes","0","Graduate","No",0.165564731418877,0.332088888888889,0.332819722650231,0.72972972972973,"Urban","Y","1"
"LP001835","Male","Yes","0","Not Graduate","No",0.151493226216911,0.691555555555556,0.788906009244992,0.72972972972973,"Semiurban","N","0"
"LP001836","Female","No","2","Graduate","No",0.327037748559168,0,0.530046224961479,0.72972972972973,"Urban","N","1"
"LP001841","Male","No","0","Not Graduate","Yes",0.242808313165839,0.385244444444444,0.390344119157678,0.72972972972973,"Rural","Y","1"
"LP001843","Male","Yes","1","Not Graduate","No",0.250592550086076,1,1,0.324324324324324,"Semiurban","Y","1"
"LP001844","Male","No","0","Graduate","Yes",1,0,0.751926040061633,0.72972972972973,"Urban","N","0"
"LP001846","Female","No","3+","Graduate","No",0.29270726778274,0,1,0.72972972972973,"Rural","Y","1"
"LP001849","Male","No","0","Not Graduate","No",0.58830867493326,0,0.435541859270673,0.72972972972973,"Rural","N","0"
"LP001854","Male","Yes","3+","Graduate","No",0.508969337092388,0,0.349255264509502,0.72972972972973,"Urban","N","1"
"LP001859","Male","Yes","0","Graduate","No",1,0.373333333333333,1,0.72972972972973,"Rural","N","1"
"LP001868","Male","No","0","Graduate","No",0.190614006636561,0.392711111111111,0.513610683102208,0.72972972972973,"Semiurban","Y","1"
"LP001870","Female","No","1","Graduate","No",0.332426835657793,0,0.59989727786338,0,"Semiurban","N","1"
"LP001871","Female","No","0","Graduate","No",0.703575260098301,0,0.456086286594761,0.72972972972973,"Rural","Y","1"
"LP001872","Male","No","0","Graduate","Yes",0.500586312716749,0,0.488957370313302,0.72972972972973,"Semiurban","Y","1"
"LP001875","Male","No","0","Graduate","No",0.393702751927347,0.6128,0.583461736004109,0.72972972972973,"Rural","Y","1"
"LP001877","Male","Yes","2","Graduate","No",0.454878870287667,0.246577777777778,0.579352850539291,0.72972972972973,"Semiurban","Y","1"
"LP001882","Male","Yes","3+","Graduate","No",0.417454654324992,0.321955555555556,0.620441705187468,0.72972972972973,"Urban","Y","0"
"LP001883","Female","No","0","Graduate","No",0.326139567376063,0,0.517719568567026,0.72972972972973,"Rural","N","1"
"LP001884","Female","No","1","Graduate","No",0.272049100571343,0.277333333333333,0.332819722650231,0.72972972972973,"Urban","Y","1"
"LP001888","Female","No","0","Graduate","No",0.308076145804745,0,0.086286594761171,0.72972972972973,"Urban","Y","1"
"LP001891","Male","Yes","0","Graduate","No",1,0,0.521828454031844,0.72972972972973,"Urban","Y","1"
"LP001892","Male","No","0","Graduate","No",0.26775779047429,0.330133333333333,0.480739599383667,0.72972972972973,"Rural","Y","1"
"LP001894","Male","Yes","0","Graduate","No",0.24650083580749,0.3952,0.579352850539291,0.72972972972973,"Semiurban","Y","1"
"LP001896","Male","Yes","2","Graduate","No",0.374242159626756,0,0.332819722650231,0.72972972972973,"Semiurban","Y","1"
"LP001900","Male","Yes","1","Graduate","No",0.259474564007884,0.327466666666667,0.435541859270673,0.72972972972973,"Semiurban","Y","1"
"LP001903","Male","Yes","0","Graduate","No",0.383523365185499,0.582044444444444,0.813559322033898,0.72972972972973,"Semiurban","Y","1"
"LP001904","Male","Yes","0","Graduate","No",0.294703225967416,0.231111111111111,0.291730868002054,0.72972972972973,"Urban","Y","1"
"LP001907","Male","Yes","0","Graduate","No",1,0,1,0.72972972972973,"Semiurban","Y","1"
"LP001910","Male","No","1","Not Graduate","Yes",0.389511239739527,0.431288888888889,0.612223934257833,0.72972972972973,"Urban","N","0"
"LP001914","Male","Yes","0","Graduate","No",0.376936703176068,0.142222222222222,0.42321520287622,0.72972972972973,"Semiurban","Y","1"
"LP001915","Male","Yes","2","Graduate","No",0.214665302761907,0.175253331164444,0.283513097072419,0.324324324324324,"Urban","Y","1"
"LP001917","Female","No","0","Graduate","No",0.165764327237344,0.296177777777778,0.184899845916795,0.72972972972973,"Urban","Y","1"
"LP001922","Male","Yes","0","Graduate","No",1,0,0.564610835797276,0.72972972972973,"Rural","N","1"
"LP001924","Male","No","0","Graduate","No",0.300192110975275,0.542755555555556,0.328710837185413,0.72972972972973,"Rural","Y","1"
"LP001925","Female","No","0","Graduate","Yes",0.244504877622814,0.305244444444444,0.36979969183359,0.594594594594595,"Semiurban","N","1"
"LP001926","Male","Yes","0","Graduate","No",0.354681769416931,0.355555555555556,0.456086286594761,0.72972972972973,"Rural","Y","1"
"LP001931","Female","No","0","Graduate","No",0.396596891295127,0,0.435541859270673,0.72972972972973,"Semiurban","Y","1"
"LP001935","Male","No","0","Graduate","No",0.933908834609915,0,0.731381612737545,0.72972972972973,"Rural","Y","1"
"LP001936","Male","Yes","0","Graduate","No",0.29190888450887,0.429511111111111,0.534155110426297,0.72972972972973,"Rural","Y","1"
"LP001938","Male","Yes","2","Graduate","No",0.424141114243657,0,0.484848484848485,0.72972972972973,"Semiurban","N","0"
"LP001940","Male","Yes","2","Graduate","No",0.299693121429106,0.277333333333333,0.513610683102208,0.72972972972973,"Urban","Y","1"
"LP001945","Female","No","0","Graduate","No",0.525635587934433,0,0.550590652285568,1,"Urban","N","0"
"LP001947","Male","Yes","0","Graduate","No",0.222848731319079,0.592711111111111,0.66974833076528,0.72972972972973,"Semiurban","Y","1"
"LP001949","Male","Yes","3+","Graduate","No",0.425737880791397,0.222222222222222,0.414997431946585,0.72972972972973,"Urban","Y","1"
"LP001953","Male","Yes","1","Graduate","No",0.671140939597315,0,0.784797123780175,0.72972972972973,"Semiurban","Y","1"
"LP001954","Female","Yes","1","Graduate","No",0.450687358099848,0,0.517719568567026,0.72972972972973,"Urban","Y","1"
"LP001955","Female","No","0","Graduate","No",0.484019859783938,0.451733333333333,0.583461736004109,1,"Rural","N","1"
"LP001963","Male","Yes","1","Graduate","No",0.186023302811806,0.52,0.427324088341037,0.72972972972973,"Urban","N","1"
"LP001964","Male","Yes","0","Not Graduate","No",0.164666550235773,0.5216,0.345146379044684,0.72972972972973,"Urban","N","0"
"LP001972","Male","Yes","0","Not Graduate","No",0.271949302662109,0.311111111111111,0.394453004622496,0.72972972972973,"Semiurban","Y","1"
"LP001974","Female","No","0","Graduate","No",0.484019859783938,0,0.505392912172573,0.72972972972973,"Rural","Y","1"
"LP001977","Male","Yes","1","Graduate","No",0.147201916119857,0.320533333333333,0.357473035439137,0.72972972972973,"Urban","Y","1"
"LP001978","Male","No","0","Graduate","No",0.384221950550136,0.444444444444444,0.538263995891115,0.72972972972973,"Rural","Y","1"
"LP001990","Male","No","0","Not Graduate","No",0.184626132082533,0,0.564610835797276,0.72972972972973,"Urban","N","1"
"LP001993","Female","No","0","Graduate","No",0.360470048152491,0.296177777777778,0.517719568567026,0.72972972972973,"Rural","Y","1"
"LP001994","Female","No","0","Graduate","No",0.224545295776054,0.3312,0.390344119157678,0.72972972972973,"Urban","N","0"
"LP001996","Male","No","0","Graduate","No",1,0,1,0.72972972972973,"Rural","N","1"
"LP002002","Female","No","0","Graduate","No",0.276140814849929,0,0.308166409861325,0.72972972972973,"Semiurban","Y","1"
"LP002004","Male","No","0","Not Graduate","No",0.277138793942267,0.427555555555556,0.419106317411402,0.72972972972973,"Semiurban","Y","1"
"LP002006","Female","No","0","Graduate","No",0.23522367206407,0,0.19311761684643,0.72972972972973,"Rural","Y","1"
"LP002024","Male","Yes","0","Graduate","No",0.231830543150121,0.327644444444444,0.61633281972265,0.72972972972973,"Rural","N","1"
"LP002031","Male","Yes","1","Not Graduate","No",0.324243407100621,0.291555555555556,0.419106317411402,0.324324324324324,"Urban","Y","1"
"LP002035","Male","Yes","2","Graduate","No",0.35597914223697,0,0.456086286594761,0.72972972972973,"Semiurban","Y","1"
"LP002050","Male","Yes","1","Graduate","Yes",0.983009405952945,0,0.59989727786338,0.72972972972973,"Rural","N","1"
"LP002051","Male","Yes","0","Graduate","No",0.224545295776054,0.385244444444444,0.435541859270673,0.72972972972973,"Semiurban","Y","1"
"LP002053","Male","Yes","3+","Graduate","No",0.418352835508096,0.0336,0.472521828454032,0.72972972972973,"Semiurban","Y","1"
"LP002054","Male","Yes","2","Not Graduate","No",0.344402584765849,0.282666666666667,0.564610835797276,0.72972972972973,"Rural","Y","1"
"LP002065","Male","Yes","3+","Graduate","No",1,0,1,0.72972972972973,"Rural","Y","1"
"LP002067","Male","Yes","1","Graduate","Yes",0.849878995035054,0.885866666666667,1,0.72972972972973,"Rural","N","0"
"LP002068","Male","No","0","Graduate","No",0.475736633317532,0,0.497175141242938,0.72972972972973,"Rural","Y","0"
"LP002082","Male","Yes","0","Graduate","Yes",0.565654549537187,0.384,0.719054956343092,0.72972972972973,"Semiurban","Y","1"
"LP002086","Female","Yes","0","Graduate","No",0.417454654324992,0.435733333333333,0.414997431946585,0.72972972972973,"Urban","N","1"
"LP002087","Female","No","0","Graduate","No",0.234525086699434,0,0.238315356959425,0.72972972972973,"Urban","Y","1"
"LP002097","Male","No","1","Graduate","No",0.422544347695916,0.318755555555556,0.443759630200308,0.72972972972973,"Urban","Y","1"
"LP002098","Male","No","0","Graduate","No",0.277937177216137,0,0.365690806368772,0.72972972972973,"Semiurban","Y","1"
"LP002100","Male","No","0","Graduate","No",0.26775779047429,0,0.254750898818695,0.72972972972973,"Urban","Y","1"
"LP002101","Male","Yes","0","Graduate","No",1,0,1,0.324324324324324,"Urban","Y","1"
"LP002103","Male","Yes","1","Graduate","Yes",0.9663431551109,0.325866666666667,0.710837185413457,0.324324324324324,"Urban","Y","1"
"LP002106","Male","Yes","0","Graduate","Yes",0.53421820812854,0.798222222222222,0.250642013353878,0.689189189189189,"Semiurban","Y","1"
"LP002110","Male","Yes","1","Graduate","No",0.508969337092388,0.122311111111111,0.620441705187468,0.72972972972973,"Rural","Y","1"
"LP002112","Male","Yes","2","Graduate","Yes",0.234525086699434,0.817777777777778,0.686183872624551,0.72972972972973,"Rural","Y","1"
"LP002113","Female","No","3+","Not Graduate","No",0.167660487512787,0,0.564610835797276,0.72972972972973,"Urban","N","0"
"LP002114","Female","No","0","Graduate","No",0.400189616027544,0,0.254750898818695,0.72972972972973,"Semiurban","Y","1"
"LP002115","Male","Yes","3+","Not Graduate","No",0.249195379356802,0.282133333333333,0.673857216230098,0.72972972972973,"Rural","N","1"
"LP002116","Female","No","0","Graduate","No",0.22234974177291,0,0.152028762198254,0.72972972972973,"Rural","N","1"
"LP002119","Male","Yes","1","Not Graduate","No",0.439509992265662,0.218488888888889,0.612223934257833,0.72972972972973,"Urban","Y","1"
"LP002126","Male","Yes","3+","Not Graduate","No",0.301689079613782,0,0.267077555213148,0.72972972972973,"Semiurban","Y","1"
"LP002128","Male","Yes","2","Graduate","No",0.242808313165839,0.414222222222222,0.47663071391885,0.72972972972973,"Rural","Y","1"
"LP002129","Male","Yes","0","Graduate","No",0.2344252887902,0.436977777777778,0.620441705187468,0.72972972972973,"Semiurban","Y","1"
"LP002130","Male","Yes","0","Not Graduate","No",0.336618347845613,0.574222222222222,0.587570621468927,0.72972972972973,"Rural","N","0"
"LP002131","Male","Yes","2","Not Graduate","No",0.29270726778274,0.385422222222222,0.480739599383667,0.72972972972973,"Urban","Y","1"
"LP002138","Male","Yes","0","Graduate","No",0.246999825353659,1,0.731381612737545,0.72972972972973,"Rural","Y","1"
"LP002139","Male","Yes","0","Graduate","No",0.891494723185549,0,0.899845916795069,0.72972972972973,"Semiurban","Y","1"
"LP002140","Male","No","0","Graduate","No",0.858262019410693,0.7408,1,0.72972972972973,"Rural","N","1"
"LP002141","Male","Yes","3+","Graduate","No",0.251091539632245,0.370311111111111,0.353364149974319,0.72972972972973,"Rural","Y","1"
"LP002142","Female","Yes","0","Graduate","Yes",0.533918814400838,0,0.394453004622496,0.72972972972973,"Rural","N","0"
"LP002143","Female","Yes","0","Graduate","No",0.226840647688431,0.0897777777777778,0.497175141242938,0.72972972972973,"Semiurban","Y","1"
"LP002144","Female","No","0","Graduate","No",0.365559741523415,0,0.43965074473549,0.324324324324324,"Urban","Y","1"
"LP002149","Male","Yes","2","Graduate","No",0.816646291260198,0.563022222222222,0.640986132511556,0.72972972972973,"Rural","Y","1"
"LP002151","Male","Yes","1","Graduate","No",0.371747211895911,0,0.238315356959425,0.72972972972973,"Urban","N","1"
"LP002158","Male","Yes","0","Not Graduate","No",0.284424041316334,0.296177777777778,0.373908577298408,1,"Urban","N","0"
"LP002160","Male","Yes","3+","Graduate","No",0.500686110625982,0.563022222222222,0.784797123780175,0.72972972972973,"Semiurban","Y","1"
"LP002161","Female","No","1","Graduate","No",0.456375838926175,0,0.295839753466872,0.72972972972973,"Semiurban","N","1"
"LP002170","Male","Yes","2","Graduate","No",0.484019859783938,0.651911111111111,0.932717000513611,0.72972972972973,"Semiurban","Y","1"
"LP002175","Male","Yes","0","Graduate","No",0.459070382475487,0.414755555555556,0.497175141242938,0.72972972972973,"Urban","Y","1"
"LP002180","Male","No","0","Graduate","Yes",0.665851650407924,0,0.542372881355932,0.72972972972973,"Rural","Y","1"
"LP002181","Male","No","0","Not Graduate","No",0.60537411741224,0,0.509501797637391,0.72972972972973,"Rural","N","1"
"LP002187","Male","No","0","Graduate","No",0.234525086699434,0,0.357473035439137,1,"Semiurban","N","1"
"LP002188","Male","No","0","Graduate","No",0.496394800528929,0,0.472521828454032,0.689189189189189,"Rural","N","0"
"LP002190","Male","Yes","1","Graduate","No",0.616252089518725,0,0.682074987159733,0.72972972972973,"Semiurban","Y","1"
"LP002191","Male","Yes","0","Graduate","No",1,0.936177777777778,1,0.72972972972973,"Rural","N","1"
"LP002194","Female","No","0","Graduate","Yes",1,0,0.189008731381613,0.72972972972973,"Semiurban","Y","1"
"LP002197","Male","Yes","2","Graduate","No",0.502482472992191,0,0.59989727786338,0.72972972972973,"Semiurban","Y","1"
"LP002201","Male","Yes","2","Graduate","Yes",0.915446221401662,1,1,0.594594594594595,"Rural","Y","1"
"LP002205","Male","No","1","Graduate","No",0.29061151168883,0.353244444444444,0.419106317411402,0.324324324324324,"Urban","N","0"
"LP002209","Female","No","0","Graduate","No",0.260871734737157,0.259377777777778,0.414997431946585,0.72972972972973,"Urban","Y","1"
"LP002211","Male","Yes","0","Graduate","No",0.465756842394152,0.164088888888889,0.456086286594761,0.324324324324324,"Urban","Y","1"
"LP002219","Male","Yes","3+","Graduate","No",0.858262019410693,0.888177777777778,0.497175141242938,0.72972972972973,"Rural","Y","1"
"LP002224","Male","No","0","Graduate","No",0.291310097053467,0,0.254750898818695,1,"Urban","N","1"
"LP002225","Male","Yes","2","Graduate","No",0.523040842294354,0,0.497175141242938,0.72972972972973,"Urban","Y","1"
"LP002226","Male","Yes","0","Graduate","No",0.31765674509119,0.444444444444444,0.488957370313302,0.72972972972973,"Semiurban","Y","1"
"LP002229","Male","No","0","Graduate","No",0.577929692372945,0.752355555555556,1,0.72972972972973,"Semiurban","Y","1"
"LP002231","Female","No","0","Graduate","No",0.583817769017739,0,0.604006163328197,0.72972972972973,"Urban","Y","1"
"LP002234","Male","No","0","Graduate","Yes",0.700281929093585,0,0.488957370313302,0.72972972972973,"Urban","Y","1"
"LP002236","Male","Yes","2","Graduate","No",0.440707567176468,0,0.373908577298408,0.72972972972973,"Urban","N","1"
"LP002237","Male","No","1","Graduate","No",0.35098924677528,0,0.427324088341037,0.324324324324324,"Urban","Y","1"
"LP002239","Male","No","0","Not Graduate","No",0.219156208677428,0.284444444444444,0.505392912172573,0.72972972972973,"Semiurban","Y","1"
"LP002243","Male","Yes","0","Not Graduate","No",0.285422020408672,0.557511111111111,0.564610835797276,0.72972972972973,"Urban","N","0"
"LP002244","Male","Yes","0","Graduate","No",0.217858835857389,0.429688888888889,0.521828454031844,0.72972972972973,"Urban","Y","1"
"LP002250","Male","Yes","0","Graduate","No",0.532721239490033,0,0.47663071391885,0.72972972972973,"Rural","Y","1"
"LP002255","Male","No","3+","Graduate","No",0.899877747561189,0,0.72316384180791,0.72972972972973,"Rural","Y","1"
"LP002262","Male","Yes","3+","Graduate","No",0.93350964297298,0,1,0.72972972972973,"Rural","Y","1"
"LP002265","Male","Yes","2","Not Graduate","No",0.183927546717896,0.288888888888889,0.427324088341037,0.324324324324324,"Semiurban","Y","1"
"LP002266","Male","Yes","2","Graduate","No",0.294403832239715,0.248888888888889,0.427324088341037,0.72972972972973,"Urban","Y","1"
"LP002277","Female","No","0","Graduate","No",0.302387664978419,0,0.254750898818695,0.72972972972973,"Urban","N","0"
"LP002281","Male","Yes","0","Graduate","No",0.28771737232105,0.259377777777778,0.353364149974319,0.72972972972973,"Urban","Y","1"
"LP002284","Male","No","0","Not Graduate","No",0.374441755445223,0.296177777777778,0.410888546481767,0.72972972972973,"Rural","Y","1"
"LP002287","Female","No","0","Graduate","No",0.134727177465632,0.32,0.386235233692861,0.72972972972973,"Semiurban","N","0"
"LP002288","Male","Yes","2","Not Graduate","No",0.273346473391382,0,0.147919876733436,0.324324324324324,"Urban","N","0"
"LP002296","Male","No","0","Not Graduate","No",0.259973553554053,0,0.230097586029789,0.594594594594595,"Rural","N","1"
"LP002297","Male","No","0","Graduate","No",0.234525086699434,1,0.386235233692861,0.72972972972973,"Semiurban","Y","1"
"LP002300","Female","No","0","Not Graduate","No",0.180933609440882,0,0.180790960451977,0.72972972972973,"Semiurban","Y","1"
"LP002301","Female","No","0","Graduate","Yes",0.727626556223647,0,0.760143810991269,0.72972972972973,"Rural","N","1"
"LP002305","Female","No","0","Graduate","No",0.438811406901025,0,0.435541859270673,0.72972972972973,"Semiurban","Y","1"
"LP002308","Male","Yes","0","Not Graduate","No",0.201292382924578,0.426666666666667,0.435541859270673,0.72972972972973,"Urban","Y","1"
"LP002314","Female","No","0","Not Graduate","No",0.205883086749333,0,0.234206471494607,0.72972972972973,"Rural","Y","1"
"LP002315","Male","Yes","1","Graduate","No",0.813352960255483,0,0.587570621468927,0.594594594594595,"Semiurban","N","0"
"LP002317","Male","Yes","3+","Graduate","No",1,0,1,0.72972972972973,"Rural","N","0"
"LP002318","Female","No","1","Not Graduate","Yes",0.37094882862204,0,0.217770929635336,0.72972972972973,"Semiurban","N","1"
"LP002328","Male","Yes","0","Not Graduate","No",0.593398368304184,0,0.858757062146893,0.72972972972973,"Rural","N","0"
"LP002332","Male","Yes","0","Not Graduate","No",0.209875003118685,0.361422222222222,0.414997431946585,0.72972972972973,"Rural","Y","1"
"LP002335","Female","Yes","0","Not Graduate","No",0.199496020558369,0.575466666666667,0.694401643554186,0.72972972972973,"Semiurban","N","0"
"LP002337","Female","No","0","Graduate","No",0.283925051770165,0,0.209553158705701,0.72972972972973,"Urban","Y","1"
"LP002341","Female","No","1","Graduate","No",0.244504877622814,0,0.620441705187468,0.72972972972973,"Urban","N","1"
"LP002342","Male","Yes","2","Graduate","Yes",0.144706968389012,1,0.945043656908064,0.72972972972973,"Urban","N","1"
"LP002345","Male","Yes","0","Graduate","No",0.0873231705795764,0.492977777777778,0.42321520287622,0.72972972972973,"Rural","Y","1"
"LP002347","Male","Yes","0","Graduate","No",0.30897432698785,0.251911111111111,0.530046224961479,0.72972972972973,"Semiurban","Y","1"
"LP002348","Male","Yes","0","Graduate","No",0.566752326538759,0,0.530046224961479,0.72972972972973,"Rural","Y","1"
"LP002357","Female","No","0","Not Graduate","No",0.25648062673087,0,0.291730868002054,0.689189189189189,"Urban","N","0"
"LP002361","Male","Yes","0","Graduate","No",0.166662508420449,0.3056,0.373908577298408,0.72972972972973,"Urban","Y","1"
"LP002362","Male","Yes","1","Graduate","No",0.708565155559991,0.296355555555556,0.414997431946585,0.689189189189189,"Urban","N","0"
"LP002364","Male","Yes","0","Graduate","No",1,0,0.357473035439137,0.72972972972973,"Semiurban","Y","1"
"LP002366","Male","Yes","0","Graduate","No",0.251091539632245,0.764444444444444,0.460195172059579,0.72972972972973,"Rural","Y","1"
"LP002367","Female","No","1","Not Graduate","No",0.44469948354582,0,0.295839753466872,0.72972972972973,"Rural","N","1"
"LP002368","Male","Yes","2","Graduate","No",0.577330904917542,0,0.509501797637391,0.72972972972973,"Semiurban","Y","1"
"LP002369","Male","Yes","0","Graduate","No",0.27644020857763,0.00286577792711111,0.320493066255778,0.72972972972973,"Rural","Y","1"
"LP002370","Male","No","0","Not Graduate","No",0.256181233003169,0,0.209553158705701,0.324324324324324,"Urban","Y","1"
"LP002377","Female","No","1","Graduate","Yes",0.845687482847234,0,0.579352850539291,0.72972972972973,"Semiurban","Y","1"
"LP002379","Male","No","0","Graduate","No",0.63371672363464,0,0.394453004622496,0.72972972972973,"Rural","N","0"
"LP002386","Male","No","0","Graduate","No",1,0,1,0.72972972972973,"Semiurban","Y","1"
"LP002387","Male","Yes","0","Graduate","No",0.227040243506899,0.416,0.550590652285568,0.72972972972973,"Semiurban","Y","1"
"LP002390","Male","No","0","Graduate","No",0.359272473241686,0,0.373908577298408,0.72972972972973,"Urban","Y","1"
"LP002393","Female","Yes","0","Graduate","No",0.987699907686934,0,0.564610835797276,0.459459459459459,"Semiurban","Y","1"
"LP002398","Male","No","0","Graduate","No",0.177241086799232,0.329066666666667,0.168464304057524,0.72972972972973,"Semiurban","Y","1"
"LP002401","Male","Yes","0","Graduate","No",0.205883086749333,0.2,0.564610835797276,0.72972972972973,"Urban","Y","1"
"LP002403","Male","No","0","Graduate","Yes",1,0,0.731381612737545,0.72972972972973,"Urban","N","0"
"LP002407","Female","Yes","0","Not Graduate","Yes",0.69778698136274,0,0.530046224961479,0.72972972972973,"Rural","Y","1"
"LP002408","Male","No","0","Graduate","No",0.350290661410643,0.900266666666667,0.731381612737545,0.72972972972973,"Semiurban","Y","1"
"LP002409","Male","Yes","0","Graduate","No",0.773533594471196,0.325866666666667,0.702619414483821,0.72972972972973,"Rural","Y","1"
"LP002418","Male","No","3+","Not Graduate","No",0.454779072378434,0.354311111111111,0.571135079609656,0.72972972972973,"Semiurban","Y","1"
"LP002422","Male","No","1","Graduate","No",1,0,0.587570621468927,0.72972972972973,"Semiurban","Y","1"
"LP002429","Male","Yes","1","Graduate","Yes",0.330929867019286,0.215111111111111,0.497175141242938,0.72972972972973,"Rural","Y","1"
"LP002434","Male","Yes","2","Not Graduate","No",0.449290187370575,0,0.414997431946585,0.72972972972973,"Rural","Y","1"
"LP002435","Male","Yes","0","Graduate","No",0.338215114393353,0.244622222222222,0.189008731381613,0.72972972972973,"Rural","N","1"
"LP002443","Male","Yes","2","Graduate","No",0.318355330455827,0.304,0.579352850539291,0.72972972972973,"Rural","N","0"
"LP002446","Male","Yes","2","Not Graduate","No",0.215463686035778,0.223111111111111,0.47663071391885,0.72972972972973,"Rural","N","0"
"LP002448","Male","Yes","0","Graduate","No",0.379032459269978,0.308088888888889,0.575243965074474,0.72972972972973,"Rural","N","0"
"LP002449","Male","Yes","0","Graduate","No",0.232828522242459,0.4384,0.332819722650231,0.324324324324324,"Rural","Y","0"
"LP002453","Male","No","0","Graduate","Yes",0.692098500536414,0,0.308166409861325,0.72972972972973,"Semiurban","Y","1"
"LP002455","Male","Yes","2","Graduate","No",0.37015044534817,0,0.357473035439137,0.72972972972973,"Semiurban","Y","1"
"LP002459","Male","Yes","0","Graduate","No",0.41426112122951,0,0.447868515665126,0.72972972972973,"Urban","Y","1"
"LP002467","Male","Yes","0","Graduate","No",0.355080961053866,0.456711111111111,0.673857216230098,0.72972972972973,"Urban","N","1"
"LP002472","Male","No","2","Graduate","No",0.419550410418902,0,0.521828454031844,0.72972972972973,"Rural","Y","1"
"LP002473","Male","Yes","0","Graduate","No",0.816746089169432,0,0.620441705187468,0.72972972972973,"Semiurban","N","1"
"LP002484","Male","Yes","3+","Graduate","No",0.757466131084554,0,0.488957370313302,0.324324324324324,"Urban","Y","1"
"LP002487","Male","Yes","0","Graduate","No",0.285921009954841,0.388977777777778,0.591679506933744,0.72972972972973,"Rural","Y","1"
"LP002489","Female","No","1","Not Graduate","No",0.503081260447594,0,0.505392912172573,0.72972972972973,"Semiurban","Y","1"
"LP002493","Male","No","0","Graduate","No",0.400788403482947,0,0.365690806368772,0.72972972972973,"Semiurban","N","0"
"LP002494","Male","No","0","Graduate","No",0.583817769017739,0,0.538263995891115,0.72972972972973,"Rural","Y","1"
"LP002500","Male","Yes","3+","Not Graduate","No",0.279134752126943,0.295822222222222,0.250642013353878,0.324324324324324,"Urban","N","0"
"LP002501","Male","Yes","0","Graduate","No",1,0,0.414997431946585,0.72972972972973,"Semiurban","Y","1"
"LP002502","Female","Yes","2","Not Graduate","No",0.00598787455402809,0.518577777777778,0.365690806368772,0.72972972972973,"Semiurban","Y","1"
"LP002505","Male","Yes","0","Graduate","No",0.417454654324992,0.435733333333333,0.414997431946585,0.72972972972973,"Urban","N","1"
"LP002515","Male","Yes","1","Graduate","Yes",0.329333100471545,0.3696,0.628659476117103,0.72972972972973,"Semiurban","Y","1"
"LP002517","Male","Yes","1","Not Graduate","No",0.249794166812205,0.266666666666667,0.427324088341037,0.324324324324324,"Rural","N","0"
"LP002519","Male","Yes","3+","Graduate","No",0.453182305830693,0,0.373908577298408,0.72972972972973,"Semiurban","Y","1"
"LP002524","Male","No","2","Graduate","No",0.53711234749632,0.826311111111111,0.628659476117103,0.72972972972973,"Rural","Y","1"
"LP002527","Male","Yes","2","Graduate","Yes",1,0.180266666666667,0.579352850539291,0.72972972972973,"Rural","Y","1"
"LP002529","Male","Yes","2","Graduate","No",0.6536763054814,0.311111111111111,0.908063687724705,0.594594594594595,"Semiurban","Y","1"
"LP002530","Male","Yes","2","Graduate","No",0.271749706843642,0.3328,0.505392912172573,0.72972972972973,"Semiurban","N","0"
"LP002531","Male","Yes","1","Graduate","Yes",1,0.4,0.31638418079096,0.72972972972973,"Semiurban","Y","1"
"LP002533","Male","Yes","2","Graduate","No",0.279134752126943,0.284977777777778,0.564610835797276,0.72972972972973,"Urban","N","1"
"LP002534","Female","No","0","Not Graduate","No",0.419151218781967,0,0.595788392398562,0.72972972972973,"Rural","Y","1"
"LP002536","Male","Yes","3+","Not Graduate","No",0.293904842693546,0,0.427324088341037,0.72972972972973,"Rural","Y","1"
"LP002537","Male","Yes","0","Graduate","No",0.192909358548938,0.56,0.488957370313302,0.72972972972973,"Semiurban","Y","1"
"LP002541","Male","Yes","0","Graduate","No",1,0,0.924499229583975,0.72972972972973,"Semiurban","Y","1"
"LP002543","Male","Yes","2","Graduate","No",0.816646291260198,0,0.973805855161787,0.72972972972973,"Semiurban","Y","1"
"LP002544","Male","Yes","1","Not Graduate","No",0.180434619894713,0.433066666666667,0.501284026707756,0.72972972972973,"Rural","Y","1"
"LP002545","Male","No","2","Graduate","No",0.339013497667224,0,0.291730868002054,0.72972972972973,"Rural","N","0"
"LP002547","Male","Yes","1","Graduate","No",1,0,1,0.72972972972973,"Urban","N","1"
"LP002555","Male","Yes","2","Graduate","Yes",0.442404131633442,0.370311111111111,0.620441705187468,0.72972972972973,"Semiurban","Y","1"
"LP002556","Male","No","0","Graduate","No",0.228038222599237,0,0.271186440677966,0.72972972972973,"Urban","N","1"
"LP002571","Male","No","0","Not Graduate","No",0.353384396596891,0,0.414997431946585,0.72972972972973,"Rural","Y","1"
"LP002582","Female","No","0","Not Graduate","Yes",1,0,0.887519260400616,0.72972972972973,"Semiurban","Y","1"
"LP002585","Male","Yes","0","Graduate","No",0.344003393128914,0.383466666666667,0.451977401129944,0.72972972972973,"Rural","N","0"
"LP002586","Female","Yes","1","Graduate","No",0.316958159726554,0.162311111111111,0.394453004622496,0.108108108108108,"Semiurban","Y","1"
"LP002587","Male","Yes","0","Not Graduate","No",0.244504877622814,0.302222222222222,0.402670775552131,0.72972972972973,"Rural","Y","1"
"LP002600","Male","Yes","1","Graduate","Yes",0.273945260846785,0,0.353364149974319,0.72972972972973,"Semiurban","Y","1"
"LP002602","Male","No","0","Graduate","No",0.612060577330905,0.785066666666667,0.821777092963534,0.72972972972973,"Rural","N","0"
"LP002603","Female","No","0","Graduate","No",0.0493999650707318,0.654755555555556,0.427324088341037,1,"Rural","Y","1"
"LP002606","Female","No","0","Graduate","No",0.300291908884509,0,0.373908577298408,0.72972972972973,"Semiurban","Y","1"
"LP002615","Male","Yes","2","Graduate","No",0.470547142037374,0.999822222222222,0.817668207498716,0.72972972972973,"Semiurban","Y","1"
"LP002619","Male","Yes","0","Not Graduate","No",0.365659539432649,0.263644444444444,0.472521828454032,0.594594594594595,"Semiurban","Y","1"
"LP002622","Male","Yes","2","Graduate","No",0.335320975025573,0.785066666666667,0.961479198767334,0.72972972972973,"Rural","Y","1"
"LP002625","Male","No","0","Graduate","No",0.342606222399641,0,0.357473035439137,0.72972972972973,"Urban","N","1"
"LP002626","Male","Yes","0","Graduate","Yes",0.232429330605524,0.535644444444444,0.735490498202363,0.72972972972973,"Urban","Y","1"
"LP002634","Female","No","1","Graduate","No",1,0,0.127375449409348,0.72972972972973,"Urban","Y","1"
"LP002637","Male","No","0","Not Graduate","No",0.344103191038148,0.2288,0.373908577298408,0.72972972972973,"Rural","N","1"
"LP002640","Male","Yes","1","Graduate","No",0.590304633117936,0.356266666666667,0.990241397021058,0.72972972972973,"Semiurban","Y","1"
"LP002643","Male","Yes","2","Graduate","No",0.3126668496295,0.361777777777778,0.571135079609656,0.72972972972973,"Urban","Y","1"
"LP002648","Male","Yes","0","Graduate","No",0.197599860282927,1,0.250642013353878,0.324324324324324,"Semiurban","N","1"
"LP002652","Male","No","0","Graduate","No",0.565355155809486,0.651733333333333,1,0.72972972972973,"Rural","N","1"
"LP002659","Male","Yes","3+","Graduate","No",0.330929867019286,0.609422222222222,0.579352850539291,0.72972972972973,"Rural","Y","1"
"LP002670","Female","Yes","2","Graduate","No",0.187719867268781,0.290133333333333,0.427324088341037,1,"Semiurban","Y","1"
"LP002682","Male","Yes","0","Not Graduate","No",0.291809086599636,0.32,0.468412942989214,0.72972972972973,"Semiurban","N","0"
"LP002683","Male","No","0","Graduate","No",0.452383922556822,0.340444444444444,0.72316384180791,0.72972972972973,"Semiurban","N","1"
"LP002684","Female","No","0","Not Graduate","No",0.324343205009855,0,0.353364149974319,0.72972972972973,"Rural","N","1"
"LP002689","Male","Yes","2","Not Graduate","No",0.203787330655423,0.309688888888889,0.147919876733436,0.72972972972973,"Semiurban","Y","1"
"LP002690","Male","No","0","Graduate","No",0.234525086699434,0,0.189008731381613,0.72972972972973,"Semiurban","Y","1"
"LP002692","Male","Yes","3+","Graduate","Yes",0.551583044335221,0.253155555555556,0.373908577298408,0.72972972972973,"Rural","Y","1"
"LP002693","Male","Yes","2","Graduate","Yes",0.778224096205185,1,1,0.72972972972973,"Rural","Y","1"
"LP002697","Male","No","0","Graduate","No",0.452084528829121,0.371022222222222,0.564610835797276,0.72972972972973,"Semiurban","N","1"
"LP002699","Male","Yes","2","Graduate","Yes",1,0,1,0.72972972972973,"Rural","Y","1"
"LP002705","Male","Yes","0","Graduate","No",0.361767420972531,0,0.414997431946585,0.72972972972973,"Semiurban","Y","1"
"LP002706","Male","Yes","1","Not Graduate","No",0.512462263915571,0.254222222222222,0.624550590652286,0.72972972972973,"Semiurban","Y","0"
"LP002714","Male","No","1","Not Graduate","No",0.252388912452284,0.231466666666667,0.349255264509502,0.72972972972973,"Semiurban","Y","1"
"LP002716","Male","No","0","Not Graduate","No",0.661959531947806,0,0.497175141242938,0.72972972972973,"Semiurban","Y","1"
"LP002720","Male","Yes","3+","Graduate","No",0.412265163044834,0,0.373908577298408,0.72972972972973,"Urban","Y","1"
"LP002723","Male","No","2","Graduate","No",0.34310521194581,0,0.414997431946585,0.72972972972973,"Rural","N","0"
"LP002731","Female","No","0","Not Graduate","Yes",1,0,0.47663071391885,0.72972972972973,"Urban","Y","1"
"LP002732","Male","No","0","Not Graduate","No",0.239514982161124,0.363022222222222,0.480739599383667,0.72972972972973,"Rural","Y","1"
"LP002734","Male","Yes","0","Graduate","No",0.597090890945835,0.6944,1,0.72972972972973,"Urban","Y","1"
"LP002738","Male","No","2","Graduate","No",0.34599935131359,0,0.402670775552131,0.72972972972973,"Semiurban","Y","1"
"LP002739","Male","Yes","0","Not Graduate","No",0.276140814849929,0.0952888888888889,0.234206471494607,0.72972972972973,"Rural","N","1"
"LP002740","Male","Yes","3+","Graduate","No",0.625433497168234,0,0.608115048793015,0.324324324324324,"Rural","Y","1"
"LP002741","Female","Yes","1","Graduate","No",0.444899079364287,0.505777777777778,0.538263995891115,0.324324324324324,"Semiurban","Y","1"
"LP002743","Female","No","0","Graduate","No",0.198398243556797,0,0.36979969183359,0.72972972972973,"Semiurban","N","0"
"LP002753","Female","No","1","Graduate","No",0.349492278136773,0,0.353364149974319,0.72972972972973,"Semiurban","Y","1"
"LP002755","Male","Yes","1","Not Graduate","No",0.208477832389411,0.448711111111111,0.488957370313302,0.72972972972973,"Urban","Y","1"
"LP002767","Male","Yes","0","Graduate","No",0.261270926374092,0.346666666666667,0.59989727786338,0.72972972972973,"Rural","Y","1"
"LP002768","Male","No","0","Not Graduate","No",0.320151692822035,0,0.291730868002054,0,"Semiurban","N","1"
"LP002772","Male","No","0","Graduate","No",0.237119832339512,0.316977777777778,0.558808423215203,0.72972972972973,"Rural","Y","1"
"LP002776","Female","No","0","Graduate","No",0.484019859783938,0,0.386235233692861,0.72972972972973,"Semiurban","N","0"
"LP002777","Male","Yes","0","Graduate","No",0.262967490831067,0.3584,0.414997431946585,0.72972972972973,"Rural","Y","1"
"LP002778","Male","Yes","2","Graduate","Yes",0.646989845562735,0,0.564610835797276,0.72972972972973,"Rural","N","0"
"LP002784","Male","Yes","1","Not Graduate","No",0.233726703425563,0.422222222222222,0.564610835797276,0.72972972972973,"Rural","Y","1"
"LP002785","Male","Yes","1","Graduate","No",0.31765674509119,0.577777777777778,0.612223934257833,0.72972972972973,"Urban","Y","1"
"LP002788","Male","Yes","0","Not Graduate","No",0.229934382874679,0.414755555555556,0.706728299948639,0.72972972972973,"Urban","N","0"
"LP002789","Male","Yes","0","Graduate","No",0.343604201491979,0.7584,0.505392912172573,0.324324324324324,"Rural","N","0"
"LP002792","Male","Yes","1","Graduate","No",0.530725281305357,0.183466666666667,0.0698510529019004,0.72972972972973,"Semiurban","Y","1"
"LP002795","Male","Yes","3+","Graduate","Yes",0.996881315336444,0,1,0.72972972972973,"Semiurban","Y","1"
"LP002798","Male","Yes","0","Graduate","No",0.372944786806716,0.474488888888889,0.628659476117103,0.72972972972973,"Semiurban","Y","1"
"LP002804","Female","Yes","0","Graduate","No",0.40218557421222,0.409955555555556,0.710837185413457,0.72972972972973,"Semiurban","Y","1"
"LP002807","Male","Yes","2","Not Graduate","No",0.35178763004915,0.0430222222222222,0.406779661016949,0.72972972972973,"Semiurban","Y","1"
"LP002813","Female","Yes","1","Graduate","Yes",1,0,1,0.72972972972973,"Semiurban","Y","1"
"LP002820","Male","Yes","0","Graduate","No",0.576133330006736,0.365155555555556,0.829994863893169,0.72972972972973,"Rural","Y","1"
"LP002821","Male","No","0","Not Graduate","Yes",0.563858187170979,0,0.505392912172573,0.72972972972973,"Semiurban","Y","1"
"LP002832","Male","Yes","2","Graduate","No",0.86315211696315,0,1,0.72972972972973,"Urban","N","0"
"LP002836","Male","No","0","Graduate","No",0.31765674509119,0,0.250642013353878,0.72972972972973,"Urban","Y","1"
"LP002837","Male","Yes","3+","Graduate","No",0.324343205009855,0.444444444444444,0.468412942989214,0.72972972972973,"Rural","N","0"
"LP002840","Female","No","0","Graduate","No",0.22234974177291,0,0,0.72972972972973,"Urban","N","1"
"LP002841","Male","Yes","0","Graduate","No",0.300990494249145,0.366933333333333,0.390344119157678,0.72972972972973,"Urban","N","0"
"LP002842","Male","Yes","1","Graduate","No",0.32603976946683,0.311111111111111,0.727272727272727,0.72972972972973,"Urban","Y","1"
"LP002847","Male","Yes","0","Graduate","No",0.495596417255058,0.257955555555556,0.640986132511556,0.72972972972973,"Urban","N","0"
"LP002855","Male","Yes","2","Graduate","No",1,0,1,0.72972972972973,"Urban","Y","1"
"LP002862","Male","Yes","2","Not Graduate","No",0.596292507671964,0.288888888888889,0.731381612737545,1,"Semiurban","N","1"
"LP002863","Male","Yes","3+","Graduate","No",0.624335720166663,0,0.579352850539291,0.72972972972973,"Semiurban","N","1"
"LP002868","Male","Yes","2","Graduate","No",0.300291908884509,0.0819555555555556,0.406779661016949,0.108108108108108,"Urban","Y","1"
"LP002872","Male","Yes","0","Graduate","No",0.293106459419675,0.392888888888889,0.521828454031844,0.72972972972973,"Semiurban","N","0"
"LP002874","Male","No","0","Graduate","No",0.307277762530875,0.486933333333333,0.414997431946585,0.72972972972973,"Urban","Y","1"
"LP002877","Male","Yes","1","Graduate","No",0.162870187869564,0.3968,0.402670775552131,0.72972972972973,"Rural","Y","1"
"LP002888","Male","No","0","Graduate","No",0.302587260796886,0.518577777777778,0.624550590652286,0.72972972972973,"Urban","Y","1"
"LP002892","Male","Yes","2","Graduate","No",0.637708640003992,0,0.805341551104263,0.72972972972973,"Semiurban","Y","1"
"LP002893","Male","No","0","Graduate","No",0.168259274968189,1,0.332819722650231,0.72972972972973,"Urban","N","1"
"LP002894","Female","Yes","0","Graduate","No",0.300990494249145,0,0.110939907550077,0.72972972972973,"Semiurban","Y","1"
"LP002911","Male","Yes","1","Graduate","No",0.263167086649535,0.3408,0.562917308680021,0.72972972972973,"Rural","N","0"
"LP002912","Male","Yes","1","Graduate","No",0.412464758863302,0.533333333333333,0.66974833076528,0.108108108108108,"Rural","N","1"
"LP002916","Male","Yes","0","Graduate","No",0.214266111124972,0.270577777777778,0.390344119157678,0.72972972972973,"Urban","Y","1"
"LP002917","Female","No","0","Not Graduate","No",0.20109278710611,0,0.250642013353878,0.72972972972973,"Semiurban","Y","1"
"LP002925","Male","No","0","Graduate","No",0.459070382475487,0,0.349255264509502,0.72972972972973,"Semiurban","Y","1"
"LP002926","Male","Yes","2","Graduate","Yes",0.257079414186273,0,0.398561890087314,0.72972972972973,"Semiurban","N","0"
"LP002928","Male","Yes","0","Graduate","No",0.284424041316334,0.607288888888889,0.19311761684643,0.324324324324324,"Semiurban","Y","1"
"LP002931","Male","Yes","2","Graduate","Yes",0.583817769017739,0,0.805341551104263,0.459459459459459,"Semiurban","N","1"
"LP002933","Male","No","3+","Graduate","Yes",0.918839350315611,0,1,0.72972972972973,"Semiurban","Y","1"
"LP002936","Male","Yes","0","Graduate","No",0.37015044534817,0.586666666666667,0.54648176682075,0.324324324324324,"Rural","Y","1"
"LP002938","Male","Yes","0","Graduate","Yes",1,0,1,0.72972972972973,"Urban","Y","1"
"LP002940","Male","No","0","Not Graduate","No",0.367555699708091,0,0.414997431946585,0.72972972972973,"Rural","Y","1"
"LP002941","Male","Yes","2","Not Graduate","Yes",0.622040368254285,0.177777777777778,0.731381612737545,0.72972972972973,"Rural","N","1"
"LP002943","Male","No","0","Graduate","No",0.283126668496295,0,0.324601951720596,0.72972972972973,"Semiurban","N","0"
"LP002945","Male","Yes","0","Graduate","Yes",0.979316883311295,0,0.702619414483821,0.72972972972973,"Rural","Y","1"
"LP002948","Male","Yes","2","Graduate","No",0.561862228986303,0,0.751926040061633,0.72972972972973,"Urban","Y","1"
"LP002950","Male","Yes","0","Not Graduate","No",0.273845462937551,0.496355555555556,0.59989727786338,0.72972972972973,"Rural","Y","1"
"LP002953","Male","Yes","3+","Graduate","No",0.5541777899753,0,0.488957370313302,0.72972972972973,"Urban","Y","1"
"LP002958","Male","No","0","Graduate","No",0.351887427958384,0.764622222222222,0.66974833076528,0.72972972972973,"Rural","Y","1"
"LP002959","Female","Yes","1","Graduate","No",1,0,1,0.72972972972973,"Semiurban","Y","1"
"LP002960","Male","Yes","0","Not Graduate","No",0.224545295776054,0.675555555555556,0.564610835797276,0.324324324324324,"Urban","N","1"
"LP002961","Male","Yes","1","Graduate","No",0.324343205009855,0.444444444444444,0.673857216230098,0.72972972972973,"Semiurban","Y","1"
"LP002964","Male","Yes","2","Not Graduate","No",0.382924577730097,0.250844444444444,0.608115048793015,0.72972972972973,"Rural","Y","1"
"LP002974","Male","Yes","0","Graduate","No",0.307577156258576,0.346666666666667,0.406779661016949,0.72972972972973,"Rural","Y","1"
"LP002978","Female","No","0","Graduate","No",0.274444250392954,0,0.254750898818695,0.72972972972973,"Rural","Y","1"
"LP002979","Male","Yes","3+","Graduate","No",0.394800528928919,0,0.127375449409348,0.324324324324324,"Rural","Y","1"
"LP002983","Male","Yes","1","Graduate","No",0.790599036950176,0.0426666666666667,1,0.72972972972973,"Urban","Y","1"
"LP002984","Male","Yes","2","Graduate","No",0.741797859334847,0,0.731381612737545,0.72972972972973,"Urban","Y","1"
"LP002990","Female","No","0","Graduate","Yes",0.442404131633442,0,0.509501797637391,0.72972972972973,"Semiurban","N","0"
